{
    "TP2": {
        "mean": 1.0102638781203062,
        "std": 2.9134121299323112,
        "min": -0.03,
        "max": 10.806
    },
    "TP3": {
        "mean": 8.972992856018882,
        "std": 0.7165888757846217,
        "min": 0.938,
        "max": 10.38
    },
    "H1": {
        "mean": 7.947909084233364,
        "std": 2.9529471563911085,
        "min": -0.034,
        "max": 10.368
    },
    "Oil_temperature": {
        "mean": 66.2864406933219,
        "std": 6.148809668743399,
        "min": 20.8,
        "max": 80.175
    },
    "DV_pressure": {
        "mean": -0.01920949479054908,
        "std": 0.18795634696862457,
        "min": -0.036,
        "max": 8.11
    }
}